dataset,auc,f1,n,n_pos,n_features
Baigutanova,0.625,0.5555555555555556,49,17,187
Depresjon,0.6222826086956522,0.56,55,23,150
Combined,0.595703125,0.5436893203883495,104,40,30
Transfer_Baig→Dep,0.6603260869565217,0.0,55,23,30
Transfer_Dep→Baig,0.48161764705882354,0.0,49,17,30
